Designator,Mid X,Mid Y,Rotation,Layer
12V1,242.0675,-39.092,180.0,top
BT1,169.441474,-108.162,180.0,top
C10,203.2,-38.354,270.0,top
C11,212.2,-44.654,0.0,top
C12,219.48,-41.0,180.0,top
C13,198.906,-72.604,0.0,top
C14,198.906,-69.104,0.0,top
C15,214.2,-52.674,270.0,top
C16,209.2,-52.954,90.0,top
C17,211.886,-63.604,0.0,top
C18,185.174,-100.1359,270.0,top
C19,187.674,-100.1359,270.0,top
C20,165.0,-40.0,270.0,top
C21,172.5,-40.0,90.0,top
C22,186.16,-37.338,180.0,top
C23,185.934,-44.682,0.0,top
C24,185.9,-48.26,0.0,top
C8,217.2,-38.154,270.0,top
C9,211.2,-37.804,90.0,top
D1,195.326,-53.594,0.0,top
D2,192.878,-60.936,270.0,top
D3,196.088,-36.8045,270.0,top
D4,175.5985,-77.5,0.0,top
D5,192.886,-72.604,0.0,top
D6,192.878,-68.81,0.0,top
D7,211.6086,-105.1159,0.0,top
EN1,204.886,-73.104,180.0,top
J13,185.928,-63.5,0.0,top
J16,177.4875,-95.578,0.0,top
J17,222.5,-110.54,0.0,top
J18,222.5,-95.5,0.0,top
J6,236.27,-95.5,270.0,top
J7,167.386,-70.104,270.0,top
J9,203.2,-46.736,0.0,top
MICROSD1,168.501525,-89.66201,90.0,top
R10,192.2115,-85.416,180.0,top
R11,185.674,-105.6159,180.0,top
R12,195.06,-89.7199,180.0,top
R13,177.4415,-86.662,270.0,top
R14,191.174,-101.6159,180.0,top
R15,191.174,-97.6159,0.0,top
R16,209.7115,-98.1159,0.0,top
R17,209.674,-101.6159,0.0,top
R18,217.674,-106.6159,270.0,top
R4,196.088,-42.517,90.0,top
R5,222.5,-85.0,0.0,top
R6,175.886,-72.6415,90.0,top
R7,175.886,-68.104,180.0,top
R8,170.0,-77.5,180.0,top
R9,214.1625,-59.154,0.0,top
RTS1,204.886,-68.604,0.0,top
U1,236.68,-108.51,180.0,top
U2,200.174,-102.6159,270.0,top
U4,228.6,-37.592,180.0,top
U6,183.886,-71.604,270.0,top
U7,185.674,-89.916,90.0,top
