Designator,Footprint,Quantity,Value,LCSC Part #
12V1,JWT_A3963_1x02_P3.96mm_Vertical,1,Conn_01x02,
BT1,CR1220-2-ext,1,Battery,C70381
"C10, C11",CP_Elec_6.3x7.7,2,100uF,C3338
"C12, C13, C14, C15, C17, C19, C21, C23",0402,8,100nF,C1525
"C16, C8",CP_Elec_4x5.4,2,10uF,C3343
C18,0402,1,1uF,C29266
C20,CP_Elec_4x5.4,1,220uF,C2858857
C22,CP_Elec_4x5.4,1,100uF,C970695
C24,0402,1,10nF,C15195
C9,0805,1,200nF,C344170
"D1, D2, D5, D6, D7",SMA_L4.4-W2.8-LS5.4-RD,5,ES1D,C64878
"D3, D4",0603,2,LED,C2290
"EN1, RTS1",SW_SPST_EVQPE1,2,SW_Push,C720477
GPS1,GPS_BREAKOUT_V3,1,GPS_BREAKOUT_V3,
"J13, J16",PinHeader_1x01_P2.54mm_Vertical,2,Conn_01x01_Pin,
"J17, J18",PinHeader_1x05_P2.54mm_Vertical,2,Conn_01x05_Pin,
J6,PinHeader_1x04_P2.54mm_Vertical,1,Conn_01x04_Pin,
J7,USB_C_Receptacle_Amphenol_12401610E4-2A,1,USB_C_Receptacle,
J9,PinHeader_1x01_P2.54mm_Vertical,1,IN_LD,
MICROSD1,MicroSD_holder,1,~,C53223918
"R10, R11, R12, R13",1206,4,3.3k,C26010
"R14, R15, R16, R17, R4, R6",1206,6,4.7k,C17936
R18,0805,1,200,C17540
"R5, R9",1206,2,10k,C17902
"R7, R8",0805,2,5.1k,C27834
U1,ESP32-WROOM-32,1,ESP32-WROOM-32,
U2,SOIC-16W_7.5x10.3mm_P1.27mm,1,DS3231M,C9866
U3,ADXL355Z,1,ADXL355Z,
U4,SOT-223-3_TabPin2,1,LD1117S33TR_SOT223,C35879
U6,SOIC-16_3.9x9.9mm_P1.27mm,1,CH340G,C14267
U7,TSSOP-14_L5.0-W4.4-P0.65-LS6.4-BL,1,74LVC125,C7813
U8,STEP_DOWN_CONVERTER,1,STEP_DOWN_CONVERTER,
