"Reference","Qty","Value","Footprint","LCSC"
"12V1","1","Conn_01x02","Connector:JWT_A3963_1x02_P3.96mm_Vertical",""
"BT1","1","Battery","LibsExt:CR1220-2-ext","C70381"
"C8,C16","2","10uF","Capacitor_SMD:CP_Elec_4x5.4","C3343"
"C9","1","200nF","Capacitor_SMD:C_0805_2012Metric","C344170"
"C10,C11","2","100uF","Capacitor_SMD:CP_Elec_6.3x7.7","C3338"
"C12,C13,C14,C15,C17,C19,C21,C23","8","100nF","Capacitor_SMD:C_0402_1005Metric","C1525"
"C18","1","1uF","Capacitor_SMD:C_0402_1005Metric","C29266"
"C20","1","220uF","Capacitor_SMD:CP_Elec_4x5.4","C2858857"
"C22","1","100uF","Capacitor_SMD:CP_Elec_4x5.4","C970695"
"C24","1","10nF","Capacitor_SMD:C_0402_1005Metric","C15195"
"D1,D2,D5,D6,D7","5","ES1D","LibsRSA:SMA_L4.4-W2.8-LS5.4-RD","C64878"
"D3,D4","2","LED","LED_SMD:LED_0603_1608Metric","C2290"
"EN1,RTS1","2","SW_Push","Button_Switch_SMD:SW_SPST_EVQPE1","C720477"
"GPS1","1","GPS_BREAKOUT_V3","LibsExt:GPS_BREAKOUT_V3",""
"J6","1","Conn_01x04_Pin","Connector_PinHeader_2.54mm:PinHeader_1x04_P2.54mm_Vertical",""
"J7","1","USB_C_Receptacle","Connector_USB:USB_C_Receptacle_Amphenol_12401610E4-2A",""
"J9","1","IN_LD","Connector_PinHeader_2.54mm:PinHeader_1x01_P2.54mm_Vertical",""
"J13,J16","2","Conn_01x01_Pin","Connector_PinHeader_2.54mm:PinHeader_1x01_P2.54mm_Vertical",""
"J17,J18","2","Conn_01x05_Pin","Connector_PinHeader_2.54mm:PinHeader_1x05_P2.54mm_Vertical",""
"MicroSD1","1","","LibsExt:MicroSD_holder","C53223918"
"R4,R6,R14,R15,R16,R17","6","4.7k","Resistor_SMD:R_1206_3216Metric","C17936"
"R5,R9","2","10k","Resistor_SMD:R_1206_3216Metric","C17902"
"R7,R8","2","5.1k","Resistor_SMD:R_0805_2012Metric","C27834"
"R10,R11,R12,R13","4","3.3k","Resistor_SMD:R_1206_3216Metric","C26010"
"R18","1","200","Resistor_SMD:R_0805_2012Metric","C17540"
"U1","1","ESP32-WROOM-32","RF_Module:ESP32-WROOM-32",""
"U2","1","DS3231M","Package_SO:SOIC-16W_7.5x10.3mm_P1.27mm","C9866"
"U3","1","ADXL355Z","LibsExt:ADXL355Z",""
"U4","1","LD1117S33TR_SOT223","Package_TO_SOT_SMD:SOT-223-3_TabPin2","C35879"
"U6","1","CH340G","Package_SO:SOIC-16_3.9x9.9mm_P1.27mm","C14267"
"U7","1","74LVC125","LibsRSA:TSSOP-14_L5.0-W4.4-P0.65-LS6.4-BL","C7813"
"U8","1","STEP_DOWN_CONVERTER","LibsExt:STEP_DOWN_CONVERTER",""
